﻿<parameters>
  <parameter name="IIS Web Application Name" defaultValue="TempControl" tags="IisApp">
    <parameterEntry kind="ProviderPath" scope="AppHostConfig" match="^RemoteControl$" />
    <parameterEntry kind="ProviderPath" scope="contentPath" match="^C:\\Users\\arkady\\documents\\visual\ studio\ 2013\\Projects\\RemoteControl\\RemoteControl\\obj\\Release\\Package\\PackageTmp$" />
    <parameterEntry kind="ProviderPath" scope="setAcl" match="^C:\\Users\\arkady\\documents\\visual\ studio\ 2013\\Projects\\RemoteControl\\RemoteControl\\obj\\Release\\Package\\PackageTmp$" />
  </parameter>
  <parameter name="IIS Web Application Pool Name" defaultValue="ASP.NET v4.0">
    <parameterEntry kind="DeploymentObjectAttribute" scope="application" match="application[@applicationPool='Clr4IntegratedAppPool']/@applicationPool" />
  </parameter>
  <parameter name="IisVirtualDirectoryPhysicalPath" defaultValue="C:\Users\arkady\documents\visual studio 2013\Projects\RemoteControl\RemoteControl_deploy" tags="PhysicalPath">
    <parameterEntry kind="DestinationVirtualDirectory" scope=".*" match="^C:\\Users\\arkady\\documents\\visual\ studio\ 2013\\Projects\\RemoteControl\\RemoteControl$" />
  </parameter>
</parameters>